datetime,open,high,low,close,volume
2024-08-01T00:00:00+00:00,8092.070000000001,8134.18,7489.010000000001,7618.160000000001,237839
2024-08-08T00:00:00+00:00,7618.160000000001,7889.68,7598.630000000001,7860.570000000001,122844
2024-08-15T00:00:00+00:00,7860.570000000001,8009.030000000001,7823.760000000001,8003.85,79101
2024-08-22T00:00:00+00:00,8003.85,8079.1,7949.110000000001,8001.6900000000005,89880
2024-08-29T00:00:00+00:00,8001.6900000000005,8080.280000000001,7887.9800000000005,7927.380000000001,101859
2024-09-05T00:00:00+00:00,7927.380000000001,8022.150000000001,7845.610000000001,8005.160000000001,139707
2024-09-12T00:00:00+00:00,8005.160000000001,8142.77,7978.790000000001,8079.89,118775
2024-09-19T00:00:00+00:00,8079.89,8222.619999999999,8078.140000000001,8109.590000000002,109798
2024-09-26T00:00:00+00:00,8109.590000000002,8255.87,8109.590000000002,8175.160000000002,121450
2024-10-03T00:00:00+00:00,8175.160000000002,8190.890000000001,8075.250000000002,8169.350000000002,118506
2024-10-10T00:00:00+00:00,8169.350000000002,8341.37,8131.480000000001,8323.180000000002,85580
2024-10-17T00:00:00+00:00,8323.180000000002,8358.590000000002,8138.500000000002,8169.210000000001,90757
2024-10-24T00:00:00+00:00,8169.210000000001,8249.860000000002,8105.010000000002,8140.530000000002,97563
2024-10-31T00:00:00+00:00,8140.530000000002,8267.95,8016.340000000002,8191.260000000002,127506
2024-11-07T00:00:00+00:00,8191.260000000002,8288.390000000001,8101.350000000001,8186.750000000002,115124
2024-11-14T00:00:00+00:00,8186.750000000002,8416.530000000002,8166.630000000001,8306.670000000002,140538
2024-11-21T00:00:00+00:00,8306.670000000002,8447.880000000001,8243.170000000002,8402.720000000001,148759
2024-11-28T00:00:00+00:00,8402.720000000001,8490.610000000002,8352.960000000001,8444.04,86884
2024-12-05T00:00:00+00:00,8444.04,8462.750000000002,8301.220000000001,8365.840000000002,93094
2024-12-12T00:00:00+00:00,8365.840000000002,8365.840000000002,8148.100000000001,8170.9000000000015,88834
2024-12-19T00:00:00+00:00,8170.9000000000015,8216.610000000002,7976.930000000001,8205.610000000002,108456
2024-12-26T00:00:00+00:00,8205.610000000002,8271.850000000002,8126.010000000002,8130.520000000001,68407
2025-01-02T00:00:00+00:00,8130.520000000001,8353.360000000002,8130.520000000001,8303.270000000002,175464
2025-01-09T00:00:00+00:00,8303.270000000002,8343.830000000002,8133.910000000002,8301.250000000002,153762
2025-01-16T00:00:00+00:00,8301.250000000002,8441.420000000002,8279.150000000001,8379.220000000001,109401
2025-01-23T00:00:00+00:00,8379.220000000001,8469.530000000002,8292.360000000002,8429.830000000002,112571
2025-01-30T00:00:00+00:00,8429.830000000002,8551.110000000002,8322.550000000001,8458.020000000002,161686
2025-02-06T00:00:00+00:00,8458.020000000002,8550.360000000002,8411.010000000002,8519.180000000002,125589
2025-02-13T00:00:00+00:00,8519.180000000002,8601.230000000001,8320.310000000001,8353.800000000001,105936
2025-02-20T00:00:00+00:00,8353.800000000001,8366.910000000002,8160.540000000001,8210.310000000001,157569
2025-02-27T00:00:00+00:00,8210.310000000001,8272.440000000002,8025.480000000001,8115.3600000000015,274635
2025-03-06T00:00:00+00:00,8115.3600000000015,8115.3600000000015,7694.870000000002,7755.260000000002,305790
2025-03-13T00:00:00+00:00,7755.260000000002,7886.210000000002,7686.260000000002,7859.010000000002,263330
2025-03-20T00:00:00+00:00,7859.010000000002,7990.750000000002,7828.730000000001,7934.540000000002,131446
2025-03-27T00:00:00+00:00,7934.540000000002,7967.300000000002,7771.520000000001,7946.010000000002,181821
2025-04-03T00:00:00+00:00,7946.010000000002,7946.010000000002,7107.790000000002,7830.930000000001,632651
2025-04-10T00:00:00+00:00,7830.930000000001,7834.280000000002,7434.3600000000015,7701.940000000001,432089
2025-04-17T00:00:00+00:00,7701.940000000001,7934.640000000001,7676.670000000002,7888.930000000001,121934
2025-04-24T00:00:00+00:00,7888.930000000001,8097.780000000002,7888.930000000001,8074.100000000001,148997
2025-05-01T00:00:00+00:00,8074.100000000001,8227.090000000002,8068.6500000000015,8147.250000000002,132456
2025-05-08T00:00:00+00:00,8147.250000000002,8305.860000000002,8120.480000000001,8207.850000000002,106985
2025-05-15T00:00:00+00:00,8207.850000000002,8389.95,8205.080000000002,8267.360000000002,80564
2025-05-22T00:00:00+00:00,8267.360000000002,8428.260000000002,8211.410000000002,8371.000000000002,92031
2025-05-29T00:00:00+00:00,8371.000000000002,8522.62,8305.520000000002,8511.630000000001,108362
2025-06-05T00:00:00+00:00,8511.630000000001,8605.160000000002,8474.810000000001,8573.560000000001,90345
2025-06-12T00:00:00+00:00,8573.560000000001,8583.62,8465.880000000001,8501.020000000002,126407
2025-06-19T00:00:00+00:00,8501.020000000002,8551.780000000002,8393.04,8495.95,88706
2025-06-26T00:00:00+00:00,8495.95,8589.070000000002,8479.04,8572.960000000001,69869
2025-07-03T00:00:00+00:00,8572.960000000001,8603.29,8502.210000000001,8557.100000000002,71854
2025-07-10T00:00:00+00:00,8557.100000000002,8614.430000000002,8507.45,8584.330000000002,80349
2025-07-17T00:00:00+00:00,8584.330000000002,8750.100000000002,8564.430000000002,8723.550000000001,72231
2025-07-24T00:00:00+00:00,8723.550000000001,8745.95,8588.920000000002,8706.860000000002,73161
2025-07-31T00:00:00+00:00,8706.860000000002,8828.030000000002,8552.910000000002,8800.920000000002,110894
2025-08-07T00:00:00+00:00,8800.920000000002,8882.260000000002,8748.320000000002,8841.810000000001,68717
2025-08-14T00:00:00+00:00,8841.810000000001,8930.410000000002,8828.390000000001,8909.150000000001,74074
2025-08-21T00:00:00+00:00,8909.150000000001,9020.880000000001,8870.580000000002,8937.360000000002,79678
2025-08-28T00:00:00+00:00,8937.360000000002,8958.810000000001,8686.110000000002,8737.62,85621
2025-09-04T00:00:00+00:00,8737.62,8845.780000000002,8725.04,8765.720000000001,83492
2025-09-11T00:00:00+00:00,8765.720000000001,8854.12,8708.860000000002,8757.880000000001,67185
2025-09-18T00:00:00+00:00,8757.880000000001,8849.110000000002,8681.990000000002,8696.400000000001,82158
2025-09-25T00:00:00+00:00,8696.400000000001,8869.020000000002,8679.650000000001,8847.920000000002,94160
2025-10-02T00:00:00+00:00,8847.920000000002,9009.54,8846.850000000002,8945.360000000002,81438
2025-10-09T00:00:00+00:00,8945.360000000002,8975.550000000001,8802.000000000002,8960.440000000002,162945
2025-10-16T00:00:00+00:00,8960.440000000002,9079.300000000001,8891.12,8968.170000000002,140197
2025-10-23T00:00:00+00:00,8968.170000000002,9052.010000000002,8827.180000000002,8855.570000000002,81539
2025-10-30T00:00:00+00:00,8855.570000000002,8907.110000000002,8698.240000000002,8826.660000000002,113902
2025-11-06T00:00:00+00:00,8826.660000000002,8848.780000000002,8674.850000000002,8783.100000000002,121224
2025-11-13T00:00:00+00:00,8783.100000000002,8783.100000000002,8400.100000000002,8447.420000000002,185017
2025-11-20T00:00:00+00:00,8447.420000000002,8608.54,8342.95,8591.330000000002,175512
2025-11-27T00:00:00+00:00,8591.330000000002,8612.580000000002,8509.220000000001,8570.140000000001,68258
2025-12-04T00:00:00+00:00,8570.140000000001,8623.95,8518.850000000002,8612.230000000001,72576
2025-12-11T00:00:00+00:00,8612.230000000001,8682.670000000002,8508.300000000001,8525.720000000001,107683
2025-12-18T00:00:00+00:00,8525.720000000001,8773.550000000001,8503.560000000001,8724.600000000002,91807
2025-12-25T00:00:00+00:00,8724.600000000002,8750.37,8644.530000000002,8652.930000000002,27144
2026-01-01T00:00:00+00:00,8652.930000000002,8737.440000000002,8631.600000000002,8660.020000000002,62873
2026-01-08T00:00:00+00:00,8660.020000000002,8821.090000000002,8658.500000000002,8804.260000000002,75450
2026-01-15T00:00:00+00:00,8804.260000000002,8877.050000000001,8694.340000000002,8789.650000000001,95662
2026-01-22T00:00:00+00:00,8789.650000000001,8949.780000000002,8782.170000000002,8892.460000000001,72842
2026-01-29T00:00:00+00:00,8892.460000000001,8937.530000000002,8705.560000000001,8871.260000000002,168258
2026-02-05T00:00:00+00:00,8871.260000000002,9004.310000000001,8634.260000000002,8967.610000000002,148623
2026-02-12T00:00:00+00:00,8967.610000000002,9057.360000000002,8833.660000000002,9010.880000000001,186203
2026-02-19T00:00:00+00:00,9010.880000000001,9145.630000000001,8946.490000000002,9141.910000000002,154869
2026-02-26T00:00:00+00:00,9141.910000000002,9188.250000000002,8815.360000000002,8940.670000000002,226532
2026-03-05T00:00:00+00:00,8940.670000000002,8940.670000000002,8412.910000000002,8640.260000000002,349933
2026-03-12T00:00:00+00:00,8640.260000000002,8653.210000000001,8449.010000000002,8453.800000000001,310520
2026-03-19T00:00:00+00:00,8453.800000000001,8571.400000000001,8213.730000000001,8514.920000000002,543667
2026-03-26T00:00:00+00:00,8514.920000000002,8674.640000000001,8337.100000000002,8649.920000000002,438110
2026-04-02T00:00:00+00:00,8649.920000000002,8958.670000000002,8511.990000000002,8908.570000000002,174793
2026-04-09T00:00:00+00:00,8908.570000000002,9015.640000000001,8848.920000000002,8946.670000000002,180734
2026-04-16T00:00:00+00:00,8946.670000000002,9011.430000000002,8751.860000000002,8786.160000000002,201119
2026-04-23T00:00:00+00:00,8786.160000000002,8809.600000000002,8555.170000000002,8571.970000000001,277281
2026-04-30T00:00:00+00:00,8571.970000000001,8871.470000000001,8559.420000000002,8844.750000000002,203939
2026-05-07T00:00:00+00:00,8844.750000000002,8860.840000000002,8516.890000000001,8566.710000000001,138246
2026-05-14T00:00:00+00:00,8566.710000000001,8675.660000000002,8444.420000000002,8565.040000000003,232522
2026-05-21T00:00:00+00:00,8565.040000000003,8696.920000000002,8537.470000000003,8636.220000000003,131260
2026-05-28T00:00:00+00:00,8636.220000000003,8773.250000000002,8520.120000000003,8677.150000000003,145953
2026-06-04T00:00:00+00:00,8677.150000000003,8696.790000000003,8445.000000000002,8543.520000000002,281767
2026-06-11T00:00:00+00:00,8543.520000000002,8937.670000000002,8516.070000000003,8856.460000000003,278203
2026-06-18T00:00:00+00:00,8856.460000000003,8944.670000000002,8691.420000000002,8782.250000000002,188732
2026-06-25T00:00:00+00:00,8782.250000000002,8814.650000000003,8640.440000000002,8660.940000000002,235793
2026-07-02T00:00:00+00:00,8660.940000000002,8827.080000000002,8589.590000000002,8685.390000000003,160758
2026-07-09T00:00:00+00:00,8685.390000000003,8840.110000000002,8661.000000000002,8788.190000000002,142291
2026-07-16T00:00:00+00:00,8788.190000000002,8863.410000000002,8682.870000000003,8835.410000000002,155838
2026-07-23T00:00:00+00:00,8835.410000000002,9049.010000000002,8691.000000000002,9022.090000000002,173005
2026-07-30T00:00:00+00:00,9022.090000000002,9150.240000000003,8979.430000000002,9008.67,50391
